[
    {
      "[json]": "{\"author_username\": \"janedoe\", \"ts\": \"2021-11-11 14:23:59.000Z\", \"comment\": \"air go brrr\", \"video_id\": 2}"
    },
    {
      "[json]": "{\"author_username\": \"janedoe\", \"ts\": \"2021-11-10 13:16:33.000Z\", \"comment\": \"air air air\", \"video_id\": 2}"
    },
    {
      "[json]": "{\"author_username\": \"janedoe\", \"ts\": \"2021-03-13 12:01:24.000Z\", \"comment\": \"older comment about air probably\", \"video_id\": 2}"
    },
    {
      "[json]": "{\"author_username\": \"mikerotch\", \"ts\": \"2021-12-11 17:00:56.000Z\", \"comment\": \"10/10 would suffer from project and test burn-out again\", \"video_id\": 1}"
    },
    {
      "[json]": "{\"author_username\": \"mikerotch\", \"ts\": \"2021-04-01 16:21:12.000Z\", \"comment\": \"Ty, really helpful, I almost died cuz I forgot how to breathe\", \"video_id\": 2}"
    }
  ]