[
    {
      "[json]": "{\"video_id\": 1, \"ts\": \"2021-12-11 17:00:56.000Z\", \"author_username\": \"mikerotch\", \"comment\": \"10/10 would suffer from project and test burn-out again\"}"
    },
    {
      "[json]": "{\"video_id\": 2, \"ts\": \"2021-11-11 14:23:59.000Z\", \"author_username\": \"janedoe\", \"comment\": \"air go brrr\"}"
    },
    {
      "[json]": "{\"video_id\": 2, \"ts\": \"2021-11-10 13:16:33.000Z\", \"author_username\": \"janedoe\", \"comment\": \"air air air\"}"
    },
    {
      "[json]": "{\"video_id\": 2, \"ts\": \"2021-04-01 16:21:12.000Z\", \"author_username\": \"mikerotch\", \"comment\": \"Ty, really helpful, I almost died cuz I forgot how to breathe\"}"
    },
    {
      "[json]": "{\"video_id\": 2, \"ts\": \"2021-03-13 12:01:24.000Z\", \"author_username\": \"janedoe\", \"comment\": \"older comment about air probably\"}"
    }
  ]